TeamName,eFG%,Rk,eFG% Def,Rk,FTR,Rk,FTR Def,Rk,OR%,Rk,DR%,Rk,TO%,Rk,TO% Def.,Rk,3P%,rk,3pD%,rk,2p%,rk,2p%D,rk,ft%,rk,ft%D,rk,3P rate,rk,3P rate D,rk,arate,rk,arateD,rk,,,,
USC,50.8,100,46.3,51,42.2,36,32.7,84,37.3,36,31.1,102,21.2,211,19.9,201,32.6,236,33.6,130,51.3,57,44.1,35,67.4,224,70.7,268,21.5,339,34.6,232,50.2,256,53.3,147,13.1,21,5.1,1
Louisiana Lafayette,47,254,50.7,246,33.6,241,46.6,325,31.6,210,35.1,267,20.5,173,21,144,31.9,266,36.8,301,46.4,237,48.9,211,67.7,212,69.2,194,38,58,28.1,26,41.4,343,47.1,20,11.3,52,5.2,2
Colgate,45.3,305,46.4,54,37.9,130,34.4,131,28.1,305,35.1,269,23.3,299,19,274,31.7,273,31.8,43,44.2,291,45.8,80,67.1,235,69.7,220,31.9,199,29.9,70,52.5,217,47.9,27,8.7,153,5.3,3
McNeese St.,46.4,272,44.4,14,32.6,273,31.6,63,34.6,99,32.5,161,23.8,311,18,317,32.6,238,33,100,45.4,268,41.9,11,64.5,299,66.9,65,27.8,289,33.5,195,50.5,247,53.4,152,15.1,9,5.4,4
Utah,54.6,14,45.1,29,39.2,96,36.3,172,27.6,312,25.6,3,21,197,15.9,341,37,57,34.9,214,54.1,9,42.5,18,78.5,3,71.9,310,38.4,54,26.4,12,55.8,124,46.6,17,12,37,5.4,5
Temple,51.1,88,46.3,50,28.7,329,30.4,47,32.5,175,29.5,46,19.2,83,18.1,312,36.7,66,34.8,205,48.8,136,43.4,28,70,130,67.3,78,36.8,77,33,175,62.3,24,56.3,237,11,66,5.4,6
Cal St. Fullerton,49.8,138,51.8,285,32.5,275,33.2,99,32.1,192,38.3,329,18.9,69,21.5,120,34,163,36.9,303,49.1,124,50,252,71.3,91,68.5,141,40.2,34,32.9,172,50.8,241,52.9,138,9,142,5.4,7
Oklahoma,55.2,6,45.8,38,46.5,4,28.8,21,36.9,46,31.9,133,20.1,146,18.3,305,35.1,118,33.9,152,56.6,4,43,22,67.5,220,68.8,162,34.5,127,35.4,255,53.1,197,49.1,44,11.1,61,5.5,8
Georgia Southern,48.9,172,54.2,330,30,318,42.7,290,31.5,217,37,313,20.8,195,19.7,221,34.1,159,38.4,331,47.6,187,52.4,321,66,261,66.6,50,34.8,119,34.5,227,44.9,331,52.4,131,6.3,277,5.5,9
UCLA,55.7,5,49.8,196,31.2,297,35.6,158,36.3,58,31.3,112,19,72,23.9,21,39.9,12,36.1,269,53.5,19,48,152,72.4,63,69.6,212,33.2,160,29.4,55,55.9,121,51.7,107,8.6,164,5.6,10
UC Santa Barbara,49.8,136,51.2,264,39.5,89,39.3,240,32.7,168,31.5,120,23.3,297,24.2,18,33.5,188,37.3,315,49.5,109,48.6,193,69.4,153,66.8,58,30.2,241,35.6,263,54.9,142,57.4,264,7.7,209,5.8,11
Saint Joseph's,48.7,185,47.3,90,40.2,63,29.7,31,31.5,212,33.1,199,20,138,19,271,33.4,196,33.7,139,48.1,162,45.8,78,73.4,41,67.5,88,28.2,286,31.6,124,62.4,21,60.7,311,9.4,127,5.9,12
Missouri,52.7,50,46.3,49,36.6,169,39.9,257,34.3,111,34.7,250,16.3,6,25.1,11,35.2,114,30.3,16,52.7,27,46.7,104,67.2,233,67.4,85,31.4,215,30,76,62.2,26,50.2,66,9.3,130,5.9,13
Illinois,51.1,86,44.2,11,22.5,344,26.7,12,30.2,253,32.7,171,19.4,96,21.6,113,35,121,29.6,7,50.5,75,44.1,36,71.1,94,63.1,4,28.8,274,31.6,123,69.3,2,54.2,178,9.7,112,6,14
Iowa St.,50.3,115,47.3,88,28.3,332,28.1,16,23.2,339,27.6,16,18.5,51,16.1,339,34.7,133,33.6,128,49.1,121,45.7,76,69.9,137,69.3,197,39.7,41,34.3,219,61.5,33,49.3,46,9.3,128,6,15
Arizona,53,39,51,254,37.5,149,25.1,6,35.9,66,34.4,240,19.4,97,18.4,300,38.7,22,34.9,211,51,64,50,250,73.8,35,69,177,29,271,41,336,55.7,125,61.8,328,8.7,161,6,16
Winthrop,44.6,319,48.8,154,26.4,341,37.7,208,32.3,184,33.6,218,20.6,177,20,196,28.2,336,34.3,174,45.5,266,47.1,124,67.7,210,70.7,267,28.6,277,38.8,316,47.1,309,57.6,271,11.9,39,6.1,17
Radford,49.8,140,46.9,74,42.8,28,30.1,38,35.3,83,29.1,36,22.6,272,16.8,332,34.5,142,33.5,124,49.1,120,44.9,55,67.7,209,70.5,258,23.9,330,38,308,52,225,54.3,181,11.2,57,6.1,18
Georgia Tech,47.9,212,47.1,80,35.6,195,38,215,34.7,98,32.2,146,22.7,278,21.9,99,32.3,248,32.4,64,47.7,180,46.3,96,63,317,67.9,112,26.3,311,33.5,197,56.7,107,55.7,218,12.5,28,6.2,19
East Tennessee St.,50.7,102,48,116,39.5,86,32.4,78,32.1,190,31.6,124,18.9,66,22.7,60,33.6,186,33,99,50.8,68,46.9,115,70.6,109,69.2,192,29.2,266,42.2,342,45.1,328,52.4,130,10.8,70,6.2,20
Montana,51,89,47.5,96,37.1,158,39.5,246,28,307,32,140,18.7,61,18,315,37.4,51,36.3,277,48.6,144,44.6,43,73,47,71.5,296,31.2,221,29.3,54,53.2,195,47.9,26,10.1,89,6.2,21
Tennessee Tech,49.3,157,50.1,216,33.3,249,44.4,309,34.1,122,36.3,299,21.9,240,22.4,75,36.2,74,35.7,255,47,208,48.7,199,69,171,67.1,73,31.4,214,29.1,52,50,258,51,90,13.1,19,6.3,22
Washington St.,48.8,175,44.7,20,27,337,33.7,112,27.3,315,25,2,19.2,81,17.6,322,34.5,141,36.2,272,47.5,190,40,3,76.9,9,70.5,252,31.8,205,33,179,57.3,91,51.4,97,13.1,20,6.3,23
IUPUI,51.8,67,53.1,320,35,205,28.9,22,30.6,245,30.9,94,19.9,124,21.9,97,34.3,148,39,338,52,42,49.4,230,66.1,257,72.8,330,29.4,263,40.8,334,54.2,167,61.6,325,11.5,50,6.3,24
New Mexico,52.7,49,47.5,95,46,9,47.9,329,30.7,244,27.1,9,18.4,49,21.4,122,38.1,33,35.3,239,50.3,85,44,33,70.2,124,72.8,328,34.4,133,38.8,314,62.1,27,59,290,10.4,81,6.3,25
Kansas St.,48.5,192,47.5,97,42.2,37,48.8,333,42.3,2,31.8,127,20,136,24.1,19,35,119,35.1,230,46.6,227,45.1,60,65.5,278,70.6,266,31.5,210,31.9,134,54.3,160,55.7,219,8.6,167,6.3,26
Delaware,47.8,218,49.3,173,37.9,132,34.3,126,28.6,291,33,190,19.1,76,19.1,257,33.2,211,33.8,146,46.6,225,48.7,201,70.3,122,68.6,145,39.1,47,29,44,57,99,48.2,30,7,250,6.3,27
Idaho St.,50.3,113,49.4,178,38.2,125,44.3,307,30.6,246,32.8,174,20.3,155,19,272,33.5,192,34.7,197,50.3,83,47.9,149,69.1,166,71.8,308,23.9,331,37.2,296,52.6,214,59.7,296,11.2,59,6.4,28
BYU,54.8,11,45.9,41,35.2,202,36.3,174,28.3,298,25.7,4,16.5,8,20.1,191,38.1,34,30.2,13,53.6,14,46.3,92,72.8,52,70.4,249,33.6,151,34.3,222,59.3,58,51.4,96,9.8,105,6.4,29
Washington,48.8,179,46.8,67,44.3,20,33.3,100,41.9,3,31,95,20.1,145,20.2,190,33.8,174,33.4,118,48.4,148,45.4,70,69.9,136,68.2,122,20.3,342,28.8,40,46.4,316,48.5,36,6.3,273,6.4,30
UC Riverside,48.2,205,51.2,266,30.4,309,33.7,111,33.9,130,28,20,21.7,230,22.4,74,37.4,48,34.9,213,44.7,280,50.3,265,67.8,207,69.9,236,30.5,234,41.2,339,55.3,133,52.8,136,5.9,295,6.4,31
Ohio St.,54.8,12,47.7,101,38.3,122,24.6,4,28.2,301,34.1,235,21.1,208,21.3,131,37.5,45,34.8,203,53.9,11,44.6,42,70.1,126,69.4,203,35.6,95,40.6,332,56.6,110,60.6,310,16.2,5,6.5,32
St. Francis NY,49.6,147,49.1,162,33.6,240,44.5,311,29,279,35.9,288,23.1,293,20.7,164,36.4,70,34.8,206,45.6,264,47.8,148,64.4,302,67.7,99,44.4,16,30.7,100,55.5,128,58.8,289,11.1,65,6.5,33
Texas,48.5,190,46,43,38.6,108,36.6,180,39.2,20,32.7,170,18.6,59,20,194,32.8,231,34.3,172,48.2,158,43.5,30,66.8,242,67.5,92,24.5,326,30.9,111,48.9,280,48.3,33,13.8,15,6.6,34
UTEP,46.8,259,48.6,141,46.4,7,43.8,304,33,160,29.8,56,17.2,15,20.4,176,31.2,296,33.3,114,46.7,222,48,161,71.6,83,71.5,297,28.4,283,32.5,154,54.1,168,53.8,163,10.6,73,6.6,35
Tennessee St.,49.7,146,51.8,286,39.3,94,38.8,231,34.3,110,36.3,298,22.2,253,19.1,264,33.2,212,33.6,129,49.7,97,52.5,325,67.6,217,68.6,150,25.8,317,30.9,110,54,172,52.4,129,9,141,6.6,36
Oakland,54.3,17,51.2,262,36.3,181,28.4,20,35,92,34.9,260,19.1,78,18.8,277,36.9,61,37.6,324,53.6,18,48.4,180,69.9,138,73.2,337,35.3,104,35.1,245,56.3,114,58.3,278,12.5,29,6.7,37
VCU,52,65,45,27,36.7,165,37.7,205,32.1,196,34.1,232,19,74,21.8,102,36.9,60,33.7,132,50.4,77,42.4,17,70.5,110,70.6,259,32,195,31.4,117,54.2,163,52.6,134,12.2,36,6.7,38
Nevada,46.2,281,47.6,100,40.4,62,41.2,270,33.8,134,31.6,123,17.4,20,19.7,212,29.8,320,36.8,302,46.8,219,44.8,50,74,31,67.3,75,28.2,285,27,16,48.5,285,54.1,177,11.7,43,6.7,39
George Mason,49.8,141,45.6,35,33,260,29.8,33,34.1,118,31.1,104,18.6,58,20.2,188,33.1,216,30.9,26,49.8,93,45.2,63,64.4,301,66.7,54,29.7,252,35.8,268,47,311,55.2,207,9.2,134,6.7,40
Rhode Island,53.2,38,50.7,244,34.1,228,33.9,118,36.9,49,33.1,194,18.8,64,21.1,137,39.2,18,33,95,51.1,59,51.3,293,69.7,145,68.5,142,26.4,309,32.6,159,54.6,150,53.2,146,9,143,6.7,41
Ball St.,45.4,301,46.5,59,38.4,116,38,214,31.2,230,29.6,53,21.1,202,19.1,262,33.9,169,30.6,23,43.5,309,46.7,109,61.1,336,64.3,12,25.1,320,29,48,51.5,233,51.7,111,5.6,308,6.7,42
Houston,47,250,46.4,52,36.5,173,32.5,80,33,154,35,265,13.9,2,21.7,107,32.3,249,32.8,89,46.4,235,45.1,61,74.6,24,70.9,277,29,272,30.1,83,45.7,325,49.9,60,10.1,90,6.8,43
Troy,53.3,33,52.9,315,31,302,29.5,29,30.5,247,33.4,211,17.3,18,19.4,238,37.6,43,37.4,316,51.4,56,50.8,277,69.6,148,68.3,130,37,74,40.4,330,49.7,268,59.9,299,9.9,103,6.8,44
Norfolk St.,47.7,222,49.9,210,37.5,148,43.2,298,34.3,112,36.5,305,22.2,255,23.1,50,33.3,198,35,223,46.9,211,48.7,200,65,287,66.8,60,27.2,298,32,138,41.6,342,52.2,124,9.5,120,6.8,45
Arkansas St.,46.3,278,47.6,99,33.4,244,32.1,75,32.3,183,29.9,61,20.4,162,19.9,199,31.4,289,36.4,285,45.9,257,44.8,53,67.5,221,70.9,278,26.7,305,28.7,38,55.3,130,49.4,49,9.3,129,6.8,46
Western Kentucky,52.4,60,49.5,179,33.8,234,31.3,57,37.1,40,30.9,89,20.1,144,19.7,215,37.7,40,34.9,212,49.9,90,48.2,172,69.3,156,68.9,168,37.4,69,32.1,139,52.6,211,53,140,8.7,156,6.8,47
Austin Peay,52.9,44,52.3,300,37.4,152,39.6,247,32,199,33.2,203,19.5,103,19.8,207,36.5,69,36.1,270,52,41,51.2,289,68.8,179,70.6,261,32.9,174,34.7,235,54.4,156,54.9,197,8.7,157,6.8,48
Cal St. Northridge,51.6,70,48.5,138,34.4,217,42.5,288,36.6,56,32.2,144,24.4,321,23.7,27,36.1,81,32.8,85,50.3,82,48,156,69.2,162,73,333,33.6,152,38.5,311,52.9,202,58,275,7.7,210,6.8,49
Wright St.,46.7,263,44.6,16,40.6,59,37.7,202,29.6,265,34.6,247,19.9,131,24,20,32.3,246,33,101,45.7,262,41.6,9,69.1,165,68.1,117,35.4,99,38,307,55.4,129,58.5,282,7.7,211,6.8,50
Memphis,50.1,123,41.4,1,39.9,71,35.5,153,38,29,30.4,73,18.3,46,22.4,71,32.6,234,30,11,50.6,72,40,2,69,167,68.6,147,31.3,218,28.3,27,53.7,180,48.2,31,15.2,8,6.9,51
Southeast Missouri St.,47,253,52.8,313,36.5,178,34.3,127,28.9,280,37.3,322,21.6,228,16.3,337,32,263,36.6,292,46.6,228,51.7,308,69,173,70,238,27.4,296,32.3,149,46,322,61.1,319,7.6,220,6.9,52
Alabama St.,51,93,43.3,4,35.9,190,33.8,115,34.2,115,35.9,285,20.5,174,19.7,218,32.3,251,29.7,9,52.2,36,42.8,21,63,316,66.4,45,31.3,217,27.8,23,54,171,46.6,19,11.4,51,7,53
Wichita St.,48.8,182,50.2,221,33.2,254,40.4,264,36,65,27.4,11,22.3,257,20.8,157,32.5,239,36.2,273,48.9,131,48,159,69.5,151,69.8,227,33,167,33.5,193,58.3,76,54.4,183,10,94,7,54
College of Charleston,54.1,19,49.6,186,32,284,27.8,15,33.4,141,36,291,18,36,19.4,239,38.2,30,35,220,52.3,34,48.4,181,65.9,265,69.1,185,36.5,82,29.7,63,47.9,298,49.9,59,9.6,116,7,55
Davidson,50.3,110,45,28,33.1,256,41.4,276,33.8,135,30.9,90,17.5,21,23.6,29,35.6,98,32.4,62,48.3,152,43.1,24,69.7,142,69.2,193,38.9,49,33.9,208,51.6,230,45.3,11,9,140,7,56
Florida Atlantic,46.3,273,50.5,238,33,262,38.2,217,32.2,189,35.4,276,18.7,63,16.7,333,32.5,243,33.4,119,45.2,273,50.6,271,73.9,32,72,312,29.9,249,30.3,88,53.1,196,52.6,135,8.3,181,7,57
Minnesota,49.6,148,47,79,34.5,216,36.1,167,35.8,71,33.9,227,22.4,264,23.3,43,33,218,35.5,249,49.6,105,43.3,27,71.8,76,72.6,325,32.4,184,37.1,293,59.4,57,60.1,302,19,1,7.1,58
USC Upstate,45.5,298,48.4,136,32.9,264,32.8,90,32.1,191,35.7,281,23.8,312,19.4,248,31.6,278,37.5,322,44.7,282,44.4,41,66.1,256,70.9,279,32.1,192,34.1,215,58,82,58.4,280,11.2,58,7.1,59
Elon,48.4,200,52.5,303,33.3,252,36.8,186,28.2,303,32.9,182,20.7,183,19.7,220,34.9,126,34.9,216,46.6,226,52.6,327,65.7,275,69.4,204,31.8,204,31,112,55.9,123,51.7,108,8.7,155,7.1,60
UNC Greensboro,44.7,318,51.3,275,36.5,177,34.8,138,35.2,86,38.7,332,22.4,266,18.2,309,31.1,300,34,160,43.8,303,51.5,299,65,288,65.2,21,33.4,156,37.4,298,47.8,302,55.4,213,9.7,114,7.2,61
Rider,50.3,109,49.4,177,33.1,258,35.1,144,32.2,186,33.6,219,19.9,129,20.3,181,35.3,112,34.7,194,48.9,129,48,158,67.4,226,65.2,20,34,141,34.6,231,50.2,255,53.1,145,9.5,121,7.2,62
Northern Iowa,51.6,72,48.7,144,41.9,41,31.8,68,28.5,293,26.7,6,18.5,50,17,327,34.4,146,35,221,51.5,50,46.3,93,75.7,12,71.2,287,37.2,71,37.9,301,53.6,186,54.7,191,7.2,238,7.2,63
South Alabama,51.2,85,46.7,65,41.8,42,33.5,103,37.2,38,31.4,114,21.1,204,16.5,335,37.6,44,36.6,291,49.7,100,42.5,19,66,258,70.7,270,22.7,338,33.8,206,53.6,184,56.9,257,14,14,7.3,64
Gonzaga,55.2,7,44.2,10,35.5,196,29.5,28,30.8,239,30.4,76,16.4,7,21.3,126,39.4,16,35.2,233,53.3,21,39.4,1,71.5,84,68.4,134,32.1,190,35.5,259,52.7,209,51.9,114,13.2,18,7.3,65
Bradley,49.9,134,49.6,190,44.5,19,34.5,133,33.5,138,34.9,262,22.1,248,22.7,62,32.8,229,34.5,183,50.2,87,48.4,183,71.9,74,73.1,334,35.9,93,36.7,288,56.2,117,60.1,303,10.3,85,7.3,66
Mount St. Mary's,49.4,153,46.9,75,34.3,219,35.2,146,35.5,78,32.9,179,19.9,127,22.3,80,33.3,200,33.8,145,49.2,118,45.2,64,67.4,225,69.5,209,25.8,318,29.4,57,49.9,260,47.9,28,9.7,110,7.3,67
New Mexico St.,52.5,53,48.8,149,37.7,140,35.4,150,32.1,194,37.9,327,18.8,65,20.6,167,40,11,33.8,141,49.3,115,48,157,70.1,128,70.3,246,29.9,248,33,180,52.8,205,54.9,198,9.4,125,7.3,68
DePaul,45.5,297,51.9,290,31.7,288,25.7,8,33.3,147,38.2,328,18.9,68,19.4,240,29.6,325,35.7,261,46.1,247,51,285,61.6,333,69.3,200,33.1,162,33,177,47.8,301,55.5,216,7.7,207,7.3,69
New Hampshire,45,311,48.9,156,31.5,291,48.7,332,33.1,152,27.9,19,20.5,166,18.8,279,32.1,258,33,102,42.6,323,48.6,196,65.1,283,67.2,74,44.2,17,28.7,33,49.8,262,45.6,13,7.6,214,7.3,70
Arizona St.,56.4,2,47,77,38.7,107,30.9,49,29.1,276,30,65,18.6,56,19.5,232,37,56,31.9,46,57.1,2,46.5,98,73.7,37,73.8,342,45.3,12,36.7,287,65.9,6,56.8,254,6.3,279,7.3,71
LSU,49.9,131,45.6,34,35.4,197,35.2,145,37.6,31,30.8,85,17.7,26,19.2,253,37.2,52,31.5,36,47.6,183,44.9,56,71.6,82,69.2,191,27.3,297,29.7,65,56.5,111,40.5,1,15,10,7.4,72
Vermont,53.2,35,46.9,70,45.3,13,36.3,170,32.4,179,33.6,217,20.7,184,22.8,58,36.9,59,34.4,175,52.4,32,44.9,54,69.9,135,68.2,121,27.5,293,30.4,90,58.7,67,48.5,34,12.7,24,7.4,73
Baylor,53.8,23,49.3,172,38.4,121,36.4,175,31.4,220,33.4,210,18.7,62,19.8,206,36.4,71,34.3,170,53.2,22,48.3,177,71,100,71.2,288,40.1,36,33.1,181,46.7,313,53.8,166,9.2,133,7.4,74
Wisconsin,49.9,133,48.9,155,34.6,213,34.1,122,31.3,222,25.8,5,16.6,9,19.4,237,36,87,32.6,72,47.7,181,49,214,72.6,57,71.8,306,35.1,111,30.5,93,53.5,189,49,43,7.8,201,7.4,75
South Carolina St.,48.8,178,47.2,83,37.6,142,32.3,76,36.8,50,30.8,86,25.3,332,18.8,283,31.5,284,31.8,44,49.3,114,47,119,67.3,228,64.9,16,27.4,295,33.5,196,52.9,201,50.6,82,7.8,202,7.4,76
Pacific,53.8,24,49.8,198,35.3,201,34.9,139,32.8,163,30.1,70,19.9,123,20.4,178,38.8,21,35.9,266,51.1,61,47.3,129,67.8,206,71.6,300,37.4,70,38.1,309,59.2,63,58.6,285,6.1,290,7.4,77
Oregon St.,52.8,47,51.9,287,30.2,313,29.4,26,27.7,310,32,141,21.7,231,19.7,223,35.5,101,34.4,176,52.6,29,52.1,314,64.8,293,69.7,221,36.1,88,40,327,57,101,62.5,337,6,293,7.4,78
Santa Clara,51,91,46.9,72,36.9,161,38.2,216,33,159,29.9,60,25.4,334,18.2,310,34.3,151,34.3,171,50.8,69,44.8,49,71.1,95,68.4,136,32.5,179,31.6,122,54.8,144,50.4,75,12.7,25,7.5,79
Cal Poly,46.5,267,51.9,289,30.5,308,30.4,46,28.6,290,33.5,216,17.7,27,19.7,213,33.9,167,37.5,321,44.1,294,49.7,239,70.8,103,68.2,120,35.1,109,34.4,223,46.5,315,60.1,304,7.6,218,7.5,80
Texas Tech,50.3,117,50.3,225,37.6,145,41.8,281,28.1,306,32.5,166,19.7,109,17.9,318,36.9,62,35.6,251,47.9,172,48.8,208,73.3,44,70.5,254,32.3,186,32.3,146,56.6,108,50.2,68,7,251,7.5,81
Jackson St.,47.1,240,49.8,203,42.9,27,40.1,260,36.1,63,32.5,159,22.3,261,22,93,26.8,342,34.5,187,49.7,98,48.9,209,70.4,120,66.5,47,27.1,300,29.9,74,56.1,118,54.1,176,7,253,7.5,82
Akron,48.1,206,45.5,33,36.2,182,45.7,321,34.3,113,36.2,297,20.7,185,26.4,4,33.2,204,29.4,6,46.9,210,46.2,90,71.4,89,69.7,216,39.9,38,33.1,182,54.1,169,49.2,45,6.7,262,7.5,83
Southern Miss,46.2,283,51.2,267,39.9,74,39.9,253,30.5,249,29.1,38,15.5,4,18.7,284,31.3,291,36.5,289,46,252,49.2,222,72.2,69,71.6,298,20.2,343,36.2,281,43.9,335,52.1,123,5.5,312,7.5,84
Towson,45.7,292,50,215,33.4,246,34.6,135,33.4,143,36.8,310,19.6,106,19.4,242,31.2,297,32.5,70,45.2,271,50.6,270,66.7,247,68.3,132,36,90,32.6,156,57.5,86,62,332,11.6,48,7.6,85
Saint Mary's,49.8,139,45.8,40,39.9,72,29.2,24,39.3,18,29.9,58,18.6,55,18.4,299,33.3,203,33.9,153,49.8,96,44,34,68.9,175,69,181,34.5,128,26.2,9,52.5,215,43.7,6,11.1,60,7.6,86
Howard,47.2,236,50.6,241,40.8,56,34,121,27,321,36.7,309,23.8,313,20.3,186,31.8,269,35.4,246,47,207,49.5,233,63.9,307,65.9,30,33.8,146,28.9,42,47.6,303,48.6,38,7.9,199,7.6,87
North Dakota St.,54.2,18,49.8,197,37.3,154,29.7,32,32.5,174,27.6,14,16.8,13,18.5,293,40.3,8,35.6,250,51.5,51,48.5,186,74.4,27,71.8,305,30.5,235,25.5,4,51.7,227,48.6,37,7.4,225,7.6,88
UMBC,46.3,276,51.5,280,33.8,237,30.9,52,28.4,295,33.3,209,15.2,3,18.1,311,31,306,35.9,268,46.2,245,50.2,260,70.5,113,67.8,102,20.7,341,36.4,283,53.6,185,49.8,57,6.7,263,7.6,89
Hawaii,45.9,287,48.5,139,44.8,16,39.7,249,39.9,9,33,185,24.1,315,21.6,117,28.6,333,35.2,238,46.8,218,46.7,108,70.7,104,70.5,256,23.7,333,28.8,39,58.5,70,50.8,85,10.4,80,7.7,90
Pittsburgh,52.9,43,46.5,57,33,261,30.2,40,42.5,1,30.1,67,18.2,41,19.2,254,35.4,107,32.9,92,52.8,25,45.1,59,67.5,222,70.2,243,29.3,265,33.8,205,60.8,39,55.1,204,10.2,87,7.7,91
Sacred Heart,55.2,8,48.7,143,26,342,34.3,128,32.6,172,34.8,256,22.9,286,21.7,111,39.4,15,32.6,71,53.1,23,48.6,192,70,132,71.8,307,34.5,129,32.1,140,60.7,42,54.1,175,9.8,106,7.7,92
Florida Gulf Coast,45.6,296,49.3,175,43.5,26,40.7,266,31.1,236,35.6,279,24.8,326,21.7,112,33.7,180,32.7,82,43.3,311,49.5,236,70.1,129,66.6,49,30.4,237,39.7,322,62.6,19,61.9,331,8.5,171,7.7,93
Portland St.,53.5,29,51,253,29.8,322,32.6,82,32.7,166,32.6,168,19.8,120,21.4,123,37.6,41,34.8,202,51.1,60,50.4,266,67.1,237,70.6,264,44.8,15,30.1,78,58.2,78,52.3,125,7.4,226,7.7,94
Central Connecticut,48.7,184,51.4,277,32.9,265,27.1,13,34.2,114,35.6,278,22,244,20.3,183,31.6,275,33.8,147,49.1,122,51.8,309,72,71,67.4,83,24.7,324,32.8,171,54.2,164,51.7,110,7.2,236,7.7,95
Texas Southern,49.3,156,52,292,40,70,51.2,339,32,201,37.5,323,25.5,337,22.1,91,32.2,254,36.3,280,49.7,99,51,283,61.5,334,67,71,22.8,337,30.5,96,49.5,271,58.3,279,6.3,281,7.7,96
Connecticut,51.3,82,42.4,2,46.4,6,19.5,1,39.8,11,30.6,79,18.1,38,16.8,331,34.1,161,30.4,18,51.4,52,40.9,6,67.8,203,69.9,235,23,336,30.3,89,56.9,102,51.5,100,17.1,3,7.8,97
Tulsa,50,126,43.6,5,41.3,45,37.9,209,34,126,28.2,23,21.8,234,17.2,325,33.9,172,27.8,1,49.6,102,44.4,39,69.7,143,67,68,31.1,223,30.1,81,48,295,48,29,12.4,32,7.8,98
Southeastern Louisiana,50,127,47,78,32.9,263,42.9,293,30.5,250,33.5,215,20.3,157,19.7,217,32.8,232,37,308,50.4,79,43.5,29,62.3,325,68,116,30,245,28.9,43,53.8,177,53.9,168,11.3,54,7.8,99
SMU,48.6,186,48.8,152,31.2,296,33.8,116,34.8,96,33.2,202,22.9,284,18.6,291,35.6,99,35.8,263,46.4,236,46.2,91,64.6,297,74.8,344,31.5,213,35.7,266,46.3,317,56.6,249,10,96,7.8,100
Buffalo,46.4,270,48.7,147,35.4,198,36.3,173,38.2,26,28.3,24,21.3,214,22.4,73,34.4,145,34.5,180,44.5,287,47.3,133,64.5,300,68.8,164,27.1,301,30.7,104,52.2,222,52.1,121,7.7,205,7.8,101
North Carolina Central,42,340,55.8,343,30.8,306,41.2,272,27.8,309,40.6,343,24.2,317,23.1,51,30.2,314,34.2,169,40.5,341,57.8,343,67.6,218,67.7,98,31.8,203,30.9,109,54.4,154,61.3,321,7.1,248,7.8,102
Lehigh,43.4,331,44.8,24,38.9,99,34.4,130,31.7,203,27.6,15,19.8,114,19.6,227,32,262,32.4,65,41.4,335,42.6,20,68.8,177,67,70,30.5,233,35.9,273,54.4,157,61.1,318,6.7,264,7.8,103
Rice,48.9,170,50.4,230,33.3,250,37,194,27.7,311,34.4,242,20.2,150,18.1,314,38.2,31,36.7,294,44.6,286,48.1,169,68.9,176,69.7,218,33.7,150,33.7,201,61.8,29,51.6,103,5.9,294,7.8,104
Stanford,52.5,54,51.9,288,33.5,242,32.8,88,32,198,31.3,113,18.5,53,22.1,89,38.4,25,35.1,226,49.9,92,51.7,305,70.5,116,68.8,161,33.5,155,25.3,3,57.2,92,48.7,39,5.7,299,7.8,105
Wake Forest,52.4,56,45.2,31,43.5,25,32.7,83,36.1,60,31,98,21.1,203,20.9,150,32,261,30.4,19,53.6,15,45,57,71.1,96,70.5,255,21.3,340,35.2,250,44.7,333,47.5,23,14.1,12,7.9,106
Dartmouth,45,310,50.4,233,31.3,295,42.9,294,30.1,259,32.8,176,21,199,21,145,33.6,187,38.6,333,42.9,320,47.9,151,65,285,70.7,271,27.6,292,25.7,6,41.8,340,53.4,153,11.2,56,7.9,107
James Madison,50.8,98,47.8,106,37.4,150,33.5,104,30.4,251,32.8,175,20.5,170,19.3,249,34.8,130,30.5,21,49.9,89,49,213,75.6,15,69,174,36.4,84,36.1,276,48.5,288,55.3,210,6,291,7.9,108
Purdue,50,129,44.1,9,33.2,253,31.3,58,29.4,271,31.8,132,17.3,17,22.4,70,34.7,131,32.8,86,49,126,41.8,10,70.3,121,67,67,34,142,30.5,94,60.4,48,58.6,284,12.5,30,8,109
Holy Cross,47.2,237,47.9,113,37.2,156,48.5,331,39.9,10,28.1,21,24.3,318,23.2,47,31.4,286,33.8,148,47.3,198,46.5,100,67.8,205,70.6,263,27.1,303,34.8,237,60.6,46,63.2,341,10.2,88,8,110
Auburn,50.3,112,48,117,37.6,144,37,192,31.1,234,30.4,75,18.5,52,23,52,33.5,189,33.5,125,50.4,76,46.5,99,60.7,339,66.1,36,39.6,42,40.1,328,54.7,149,51.6,105,10,92,8,111
Montana St.,47.1,241,52,294,39.9,75,36.1,165,33.9,131,29.4,42,20.4,161,17.9,319,32.1,259,35.7,259,46.5,231,51.2,290,66.9,241,70.6,265,34.4,132,32.8,166,49,279,53.3,148,9.1,136,8,112
Miami OH,48.8,181,46.9,76,34.6,211,33.6,107,31.2,229,31.5,121,21.6,224,21.6,115,33.2,207,32.2,54,48.3,151,46.2,88,70.9,101,66.7,52,31.9,196,32.5,153,56.2,115,50.7,84,8.8,149,8,113
Utah Valley,53.2,37,46.5,56,38.4,115,38.9,235,31.2,231,29.5,47,20,133,16.9,330,39.2,19,29.2,5,50.2,86,47.8,146,77.6,5,67.9,103,34.9,117,31.5,119,54.9,139,40.6,2,7.2,233,8,114
Grambling St.,45.9,289,52.9,317,33.1,259,36,163,29.1,277,35.3,274,23.1,292,19.1,266,32.3,253,36.3,279,44.6,284,52.1,315,61.1,337,65.8,29,33.5,153,32.8,168,53.9,176,58.7,287,7.2,241,8,115
California,54,21,49,157,34.3,220,33,93,32.5,176,30.8,87,18,31,18.5,294,42.7,1,34.9,210,50.3,84,47.7,143,75.5,16,70.5,253,26.6,307,27.8,24,57.1,95,50.2,67,4.9,324,8,116
Siena,51,92,49.2,167,35.7,193,24.4,3,34.3,109,34.9,261,18.2,43,23.3,39,33,217,33.9,154,51.5,49,48.4,182,66.4,251,68.2,124,25.9,315,32.5,155,53,200,56.7,253,11,68,8.1,117
Old Dominion,48.6,188,47.4,93,32.5,274,26.4,11,40.1,8,29.2,39,19.4,93,20.7,160,32.6,235,31.5,37,48.5,145,47.5,138,63.9,305,68.2,128,26,313,36.5,286,61.8,31,56.7,250,10.3,83,8.1,118
Southern,45.6,295,50.7,247,37.9,133,32,70,35.9,68,30.7,82,25.1,330,19.3,252,32.5,242,33.6,131,44.2,292,50.8,279,65.7,273,64.5,13,29.7,251,31.7,128,47.1,308,50.9,89,6.1,286,8.1,119
Clemson,52.8,45,48.3,125,31.5,289,32.5,81,39.8,12,37.1,315,20.2,152,24.4,14,37.4,47,35.9,267,51,65,46,81,68.8,178,66.7,53,34.7,121,28.7,36,52.4,218,53.8,165,14.2,11,8.2,120
Kansas,53.2,36,44,8,39.5,85,35.1,143,36.7,53,29.2,40,20.8,186,19.4,244,37.1,54,33.4,117,52.2,38,40.8,5,72.5,58,72.6,324,29.6,258,34.1,216,58.7,68,56.8,255,11.6,47,8.2,121
Robert Morris,53.4,31,48.8,148,36.7,167,39.6,248,32.4,181,32.5,163,22.4,263,23.6,31,39.4,14,36.6,290,50.9,67,45.7,75,70.4,119,66.8,57,30.8,230,33.5,194,60.9,38,57.3,261,9.9,102,8.2,122
Middle Tennessee,48.5,194,51.1,259,38.9,102,44.9,315,35.2,88,28.8,30,18,29,21.9,96,30.4,313,36.7,297,49.6,106,49.3,225,69.7,144,71,281,26.8,304,32.1,142,46.8,312,46.3,16,4.3,334,8.2,123
Florida St.,49.2,162,44.7,19,39.2,95,35.7,159,34.6,100,35.4,275,22.9,287,22.3,82,34.2,154,32.7,80,48.1,161,42.1,14,72.5,59,68.8,160,33.5,154,36.7,289,51.6,232,47.6,24,16,6,8.3,124
Louisville,52.7,48,44.3,12,31.4,293,30.2,41,35.2,85,32.4,157,19.9,126,23.3,40,36.9,58,30.9,25,51.1,58,43.3,26,64.2,303,68.1,118,37.8,63,30.5,92,62.4,20,54,170,15.3,7,8.3,125
Delaware St.,48.1,207,50.8,249,26.8,339,37.5,200,33.8,133,39.3,335,24.9,328,20.3,187,34.3,149,35.7,257,46.3,240,49.5,234,65.6,277,69.8,230,34.3,135,32.3,145,46.6,314,56.4,241,11,67,8.3,126
UNLV,49.2,165,48.4,131,37.9,131,34.3,125,28.7,287,32,139,17.6,22,23.5,32,34.5,134,35.4,244,47.6,185,46.1,85,68.3,187,70.6,262,40,37,32.2,143,58.3,75,56.5,242,10.6,74,8.3,127
Chicago St.,51.3,78,52.9,316,37.6,147,45,316,37.2,39,34.1,230,19.9,130,22.7,61,33.8,173,37.4,318,51.6,48,51.3,292,67.8,208,68.4,138,35.1,110,33.6,199,53.3,193,61.7,327,10,98,8.3,128
Wagner,51.5,74,49.8,201,36.4,179,35.4,152,30.2,255,32,137,22.1,246,22.1,90,38.4,26,35,219,48.1,163,48.5,189,62.6,319,69.8,231,35.8,94,33.3,186,58.2,79,60.3,306,8.7,160,8.3,129
Yale,47.7,221,49.5,182,40.8,54,38.4,221,31.1,235,29.4,43,23.6,303,22.5,69,29.8,319,33.9,156,48.7,138,48.9,210,66.3,253,66.8,59,23.4,334,30.5,95,56.5,112,55.6,217,8.5,170,8.3,130
Oral Roberts,48.8,174,47.3,89,41,51,35,142,35.5,77,31.1,103,20.7,180,20.7,161,30.8,308,34.9,218,49.9,91,45.6,71,67.1,234,70.7,269,30.2,242,25.5,5,50.9,239,47.4,21,7.4,224,8.3,131
UAB,51.4,77,47.9,112,34.6,212,30.4,45,28.3,297,28.8,33,16.7,11,20.6,166,33.7,181,32.5,69,51.8,44,47.5,137,70.7,105,70.3,245,34.9,118,32.3,144,48.9,281,47.4,22,5.3,315,8.3,132
Illinois Chicago,46.5,265,47.6,98,32.2,280,32.7,85,35.5,76,32.1,142,19.8,118,19.7,214,36.2,76,32.5,67,43,318,46.8,114,77.2,8,69.9,232,31.1,226,40.2,329,54,173,58.7,286,10,97,8.4,133
UCF,50.2,120,49.9,207,33.7,239,42.7,289,35.2,87,33.3,207,21.1,206,20.6,169,34.2,156,34.6,190,49.6,104,48.7,198,74.3,28,69,176,36.1,87,38.1,310,60.7,44,55.2,205,8.5,169,8.4,134
Michigan St.,49.8,137,47.2,81,41.1,49,36.5,177,40.7,6,27.1,8,20.9,196,20.3,182,35.4,104,31.8,42,48.5,146,47,120,69.8,140,69.6,214,26.6,306,35.7,267,63.5,12,52.4,126,8.2,184,8.4,135
Fordham,43.1,334,55.2,338,30.9,303,41.2,271,27.3,317,38.8,333,18.3,48,21.4,121,29.7,322,39.8,342,42.4,328,52.9,328,62.6,321,68.2,129,35,113,33.2,185,49.1,276,57.3,263,7.7,208,8.4,136
Northern Arizona,53.6,27,55.7,342,30.9,304,34.9,141,30,261,28.4,27,22.6,270,20.3,184,35.5,100,42.2,344,53.8,13,51.6,300,62.4,324,71.9,311,33.2,161,35,243,59.2,62,60.4,308,7.1,247,8.4,137
Prairie View A&M,45.9,288,49.8,206,39,98,39.9,255,34.1,121,34.7,251,21.9,239,23.2,46,31.2,293,35.3,242,45.5,267,48.4,184,63.7,310,64,8,30.1,243,30.7,103,50.6,246,51.4,98,6.3,275,8.4,138
Oklahoma St.,54,20,50.2,219,39.4,90,41.3,273,28.2,304,31.2,110,17,14,20.8,152,38.4,28,34.5,178,51.4,53,49.4,231,74.8,23,69.8,225,41.3,26,33.9,207,47,310,49.5,53,6.2,282,8.4,139
St. Bonaventure,49.2,163,47.2,82,37,160,39.1,238,34.6,101,31.4,115,23.6,304,19.6,231,31.5,283,32.9,94,49.8,94,46.2,87,66.8,243,65.1,19,25,321,31.6,125,57.2,93,54,173,11.8,40,8.5,140
Arkansas Little Rock,49.7,143,45.4,32,44.9,15,40.4,262,33.4,144,31.5,119,22.6,273,21.1,141,35.7,96,31.9,47,48.3,150,44.2,37,66.9,239,70.2,244,28,287,32.3,148,56.8,104,55.5,214,9.7,115,8.5,141
Cornell,53.5,30,46.5,55,32.4,276,33.9,119,32.6,171,30.3,71,19.5,100,19.9,197,40.2,9,30.5,20,50.1,88,46.8,110,73.3,43,70,237,33.3,158,29.5,59,58.4,73,50.4,73,9.6,117,8.5,142
Louisiana Tech,49.9,135,48.3,128,42.3,33,33.6,106,34.9,95,32.4,158,23.6,305,21.3,134,38.4,27,32.2,53,46.7,221,48.2,175,65.9,264,68.8,163,29.1,269,36.1,277,48.1,293,54.8,193,9.6,118,8.5,143
Kennesaw St.,43.8,327,52.8,314,23,343,41.7,280,33.4,146,39.9,339,22.1,249,23.3,42,31.4,285,36.2,275,41.8,332,52.2,319,65,289,67.9,110,38.4,53,29.5,58,51.3,235,56.6,248,9.4,126,8.5,144
Long Beach St.,51.3,80,51.7,283,37.6,146,38.6,228,31,237,32.2,150,20.7,181,19.9,200,33,221,36.4,283,52.3,35,50.1,254,67.6,215,68.9,170,36.9,76,35.3,251,57.1,97,51.5,99,7.2,235,8.5,145
Texas St.,49.7,144,51.1,258,38.8,106,57.6,344,34,128,31,99,21.4,216,22.5,66,35.3,110,35.3,241,48,170,50.2,259,66.8,245,72,316,33.8,147,32.8,167,53.9,175,57.8,274,7.1,246,8.5,146
Sam Houston St.,51,90,50.4,228,42,38,47.4,327,35.4,81,32.3,152,21,198,20.9,149,36.7,65,34.8,204,48.5,147,49.5,232,70.7,106,64.8,15,38.5,51,31.3,115,69.5,1,61,316,5.7,305,8.5,147
Marshall,48.5,195,54.4,332,41.3,46,44.7,312,33.7,137,30.1,69,19.6,105,21,143,31.2,295,41.2,343,49.5,110,51.6,301,72,70,72.5,321,35.9,92,27.5,18,53.5,188,52.1,119,5.5,311,8.5,148
Wofford,51.1,87,53.4,322,38.9,103,29.2,25,37.2,37,34.2,236,21,200,19.7,222,36,86,37.6,325,49.7,101,51.7,306,68.7,181,69,182,32.5,180,35.4,256,54.5,153,48.9,41,4.2,335,8.5,149
Lamar,46.3,275,49.6,192,42.8,29,38,212,31.9,202,31.4,116,19.8,116,19,268,29.9,318,35,225,46.9,212,48.2,174,72.4,64,73.4,338,28.9,273,34.5,229,54.9,141,57.6,270,11.7,44,8.6,150
Creighton,51.6,71,48,115,39.8,77,37.6,201,28.9,281,34.1,234,18,35,23.5,34,38,35,34.6,188,48.3,155,46,82,74.9,21,69,175,37.7,66,32.7,161,57.5,87,53.8,161,10.9,69,8.6,151
Tennessee,50.9,95,50.6,239,36.7,168,36.8,185,37.9,30,31,97,18.6,57,21.1,136,31.5,281,33.7,140,52.9,24,50.7,273,67.6,216,68.5,143,34.6,126,37.3,297,57.9,83,53.1,143,10.1,91,8.6,152
Furman,45.3,304,53.7,327,34,229,44.5,310,29.6,266,34.7,254,21.6,226,19.6,229,31,305,37.4,320,44.7,281,52.4,323,69,174,67.9,108,33,166,32.8,169,53.3,192,55.9,225,8.4,175,8.6,153
Pepperdine,42.7,337,51.9,291,27.5,335,37.2,195,33,158,33.5,214,23.2,296,19.7,224,30.7,309,35,224,41.3,336,51.6,304,69.5,152,67.6,95,29,270,35.8,269,46.1,320,62.4,336,8.3,183,8.6,154
Bryant,46.3,277,53.2,321,30.8,305,35.5,155,27.1,320,36.4,304,21.5,220,20.7,162,32.9,227,38.2,330,44,298,50.6,272,66.2,255,67.5,93,42.5,19,39,317,60.4,50,63.8,342,7.7,213,8.6,155
Villanova,50.8,97,47.3,87,41.9,40,38.7,229,36.1,62,29.9,59,19,70,21.7,108,35.2,115,33.7,136,49.8,95,45,58,75.3,18,67.8,101,32,194,41.5,341,55.7,126,61.2,320,10.3,86,8.7,156
Jacksonville,50.1,124,51,256,40.7,58,42.1,286,39.5,15,30.7,81,20.8,188,23.2,44,35,120,37.4,317,49,128,48.8,205,69.2,163,66.3,41,31.2,219,29,46,51,238,49.3,48,9.7,111,8.7,157
Toledo,46.5,266,49.5,184,33.8,235,35.6,157,32.2,187,36.4,303,26.2,340,21,147,29.5,328,34.5,186,47.4,194,48.3,178,65,286,68.6,151,30.6,232,36.5,285,50.4,248,61.8,329,8.9,148,8.7,158
Marquette,51.2,84,50.9,251,45.4,11,30.1,37,35,93,30.6,80,16.7,12,21.5,119,34.7,132,34.7,195,50.7,70,50.3,264,72.8,55,67.3,76,34.6,124,34.7,234,57.5,88,54.4,184,7.7,206,8.7,159
Murray St.,48.7,183,48.4,133,39.7,80,39.9,254,37,44,31.3,111,20.4,163,21.7,109,31.2,294,32.2,56,49.4,111,48.5,187,70,131,71.7,303,29.4,262,30,77,52.8,203,53.1,144,5.7,301,8.7,160
Coppin St.,45.8,291,50.8,250,31.1,299,31.4,59,29.7,264,40,340,19.2,92,24.2,17,33.7,178,33.3,113,43.8,301,51.4,298,71.4,90,65.7,27,30.4,236,39.8,324,42.8,338,59.9,300,4.4,332,8.7,161
Youngstown St.,45.7,293,49.2,170,37.1,159,41,268,34.4,106,34.1,231,20.4,165,18.8,278,33.9,170,34.5,182,43.7,308,48,163,65.9,262,70,239,28.7,276,29.9,72,55.5,127,54.2,179,9.1,137,8.8,162
Richmond,51.8,66,48.6,140,33.3,248,42.8,291,28.7,288,36.1,294,18,37,22.3,77,34.1,158,33.3,112,52.1,39,48,153,67.7,211,71.7,304,36,91,29.9,69,47.6,304,49.5,52,8.9,145,8.8,163
Western Michigan,45.5,299,47.3,91,40,68,39.1,237,30.7,243,32.2,151,20.6,175,18.8,281,31.1,299,33.8,149,44.7,279,45.6,74,70.1,127,67.7,97,39.5,44,32.7,160,53.3,191,55,203,8.7,158,8.8,164
IPFW,49.4,152,51.5,278,36.4,180,37,193,26.2,328,32.9,183,19.9,128,19,269,40.8,3,33.5,122,44.3,289,52.1,316,73.5,40,69.2,189,30.3,240,30.7,102,47.3,307,50.8,87,8.3,180,8.8,165
Georgia St.,46.8,261,50,214,30,316,35.2,147,30.8,240,33,188,20,137,20.8,154,31.8,268,34.1,162,46.3,239,49.3,228,61.6,332,66.4,46,32.9,170,37.9,303,50.9,240,59.5,294,7.8,204,8.8,166
Florida,54.6,13,50.5,234,30,317,29.9,35,32.6,170,32.2,147,17.6,23,22,92,36.7,64,35.1,228,54.4,8,49.4,229,69.3,159,62.5,1,37.6,67,34.9,240,59.4,56,51.2,94,7.3,228,8.8,167
Utah St.,55.7,4,47.3,86,37.6,143,30.4,43,36,64,27.9,18,18.2,40,17,326,39.5,13,36.3,276,54,10,44.3,38,74.5,25,74.5,343,31.5,212,29.6,61,62.7,18,54.7,190,6.8,258,8.8,168
Ohio,50.1,122,50.4,229,39.6,82,39.4,243,28.9,282,32.3,154,21.8,236,23.1,49,36.2,73,33.7,133,47.8,176,50.4,267,70.7,107,66.9,63,35.1,108,39.1,318,61.1,37,56.7,251,5.7,303,8.8,169
UT Rio Grande Valley,48.6,187,54.1,329,39.6,84,39.5,244,28.6,292,29.7,55,23.1,290,21.3,133,29.5,327,37,309,50.4,80,53.3,330,60.9,338,69.1,186,29.9,247,34.8,236,63.5,11,60.1,301,4.4,333,8.8,170
West Virginia,48.5,191,46.6,63,35.9,191,38.4,222,41,4,31.5,118,18.2,42,23.4,37,32.9,224,30.2,15,48,164,47.1,122,69.8,141,68.2,123,34,143,30,75,59.8,53,52.1,117,12.5,27,8.9,171
Texas A&M,50.4,107,48.8,150,46.5,5,30.1,36,36.2,59,29.7,54,19.2,84,18.3,304,36.2,79,36.4,282,48.7,140,46.3,94,69,168,69,180,30.3,239,29.9,71,51.7,228,53.4,151,9.9,99,8.9,172
Eastern Michigan,43.8,326,50.6,242,34.7,209,33.1,94,32.7,167,32.5,162,25,329,21.1,142,29.9,316,36.3,281,43.3,312,48.9,212,60.7,340,67.4,87,30.9,228,30.1,82,54.7,146,56.8,256,9.2,135,8.9,173
North Carolina St.,53.8,22,47.9,110,37.8,137,28.3,18,35.7,72,32.9,178,21.6,225,16.7,334,37.5,46,33.4,116,52.5,30,47,118,71.7,79,73,332,33.1,163,29,45,59.2,60,44.5,8,9,139,8.9,174
Mississippi,49.2,161,48.8,151,34.2,224,36.9,190,35.6,74,34.9,259,19.2,88,17.6,323,34,165,32.6,76,48.2,157,48.8,206,72.8,54,67.4,82,34.6,125,34.9,241,45.7,326,56.5,245,8.7,159,8.9,175
Kent St.,48.5,196,46.5,58,34.5,214,41.8,282,32.4,182,34.7,253,19.1,77,23.9,22,33.1,214,31.6,40,48,165,46,83,65.1,282,68.2,127,29.7,254,32.9,174,49.2,275,61,317,7.4,227,8.9,176
Green Bay,51.6,73,47.9,111,38.6,110,38,213,33.9,132,37.3,320,19.1,80,22.5,64,40.7,4,32.8,84,46.2,244,47.1,123,78.9,2,71.2,286,36.1,89,35.9,271,57.2,94,50.5,78,7.1,244,8.9,177
Portland,53.6,28,49.1,160,32.8,267,47.7,328,33.5,140,30.5,78,21.3,215,20.8,156,41.8,2,32.4,60,48.8,133,49.3,227,66.5,249,68.7,154,35.2,106,32.6,157,60.6,45,51.6,104,6.2,283,8.9,178
UC Davis,53.2,34,52.4,302,37.9,135,40,258,25.7,333,31,101,20.5,168,18.8,280,36.2,77,35.1,229,52.5,31,52.3,320,77.9,4,67.8,100,39.2,46,31.4,116,62.8,17,53.6,156,5.7,302,8.9,179
New Orleans,47.1,242,50.1,217,40.8,55,34.4,129,29.3,272,33.2,205,22.7,279,21.9,100,29.4,329,34.7,201,48,168,49.2,220,66,260,68.7,155,23.2,335,31.5,121,41.8,341,49.6,55,4.9,323,8.9,180
Stony Brook,46.1,285,48.8,153,35.7,192,36.9,189,32.1,195,29.1,37,20.1,141,23.6,30,34.4,143,31.1,29,43.7,306,50.2,263,68.6,182,65.6,25,30.1,244,38.8,315,42.7,339,57.5,268,8,198,9,181
Navy,47.4,233,46.2,47,38,128,38.7,230,27.4,313,29.9,62,19.4,94,20.4,177,32.9,228,31.6,41,46.3,238,45.6,73,72.4,61,66.4,42,37.8,62,32.8,165,52.7,207,53.6,157,6.4,271,9,182
San Francisco,49.1,167,53.6,325,39.7,81,36.8,183,29.5,269,33.7,221,19.7,110,19.6,226,35.4,106,37.7,326,46.7,224,52,311,69.3,160,68.7,153,36.9,75,36.2,280,54.8,145,55.8,220,6.4,272,9,183
Eastern Illinois,48.8,177,50.5,236,32.7,271,33.6,108,31.5,215,31.9,134,20.5,169,19,273,35.8,94,36.8,299,47,209,47.3,131,71.5,86,69.4,202,26.4,310,41,337,53.3,194,60.7,312,5.6,309,9,184
George Washington,49.4,154,47.7,102,38.5,113,37.5,198,34,125,35,264,22.2,252,18.7,286,36.2,78,34.2,165,47.2,203,45.2,66,68,195,68.4,137,30.3,238,39.9,326,54.4,158,62,333,13.4,17,9.1,185
Fresno St.,50.2,118,49.1,161,36.5,175,30.9,51,30.1,257,35.3,273,21.2,213,19.9,202,34.5,139,33.2,109,49.2,117,48.8,203,66.7,246,69.3,198,38.3,55,30.6,97,59.8,54,54.9,194,11.6,46,9.1,186
Bowling Green,48.4,199,44.8,23,31,300,35.9,162,33,157,31.8,131,20.3,153,19.1,260,35,123,30.1,12,46.4,232,44.7,47,66.6,248,69.3,199,32.6,177,33.9,209,52.8,206,54.4,185,10,95,9.1,187
Loyola Chicago,45,308,49.6,193,32.7,270,33.7,110,35.9,69,36.2,296,20.2,151,21.9,98,31.7,271,35.1,231,44,296,48.1,170,67,238,71.6,301,28.3,284,32.1,141,52.8,204,57.3,262,9.8,108,9.1,188
Arkansas Pine Bluff,43.6,328,48,120,36.7,166,52.3,342,37,45,34.6,246,27.1,343,23.5,36,28.8,331,33.4,121,43.8,302,47.1,125,61.8,328,66.7,55,24.4,328,29,49,47.8,299,55.5,215,7.1,245,9.1,189
Quinnipiac,47.1,244,49.5,183,36.9,163,36.8,184,40.9,5,31,96,21.8,235,20.5,172,31.7,272,37.2,314,46.9,214,46.8,112,62.1,327,70.1,240,24.9,323,30.7,105,50,259,55.8,222,6.6,266,9.1,190
Lipscomb,52.5,52,47.8,105,45.7,10,32.1,73,37.1,41,30.4,74,23.1,291,18.7,287,36,89,32.6,73,51.8,45,47.2,127,66.8,244,65.3,22,33,164,35.3,252,60.4,49,49.6,54,5.6,306,9.1,191
Alcorn St.,44.8,315,53.5,324,36.1,186,37.5,199,25,334,39.6,338,19.7,113,20,195,33.7,182,34.2,166,42.2,329,54.5,337,67.5,223,67.5,91,31.2,220,31.5,120,44.1,334,55.9,226,3.9,337,9.1,192
Maryland,47,245,48.1,123,28,334,30.2,42,35.1,89,36.9,311,17.6,25,22.3,76,33.3,199,34.7,198,45.9,255,46,84,75.8,11,68.9,166,27.7,291,34.1,217,55.3,132,52.4,128,10.6,72,9.2,193
Coastal Carolina,49.5,150,50.3,226,31.4,294,34.4,132,34.8,97,34.7,249,23.7,310,20.5,174,33,220,34.6,192,49.5,107,49.1,216,61.8,329,68.7,159,36.6,80,40.7,333,57.1,98,57.5,266,8.2,187,9.2,194
Morgan St.,46.4,269,44.7,21,33.1,255,41.7,279,38.4,25,32.9,177,19.5,102,22.8,55,33.7,179,30.2,14,44.9,277,44.6,44,64.6,296,68.9,171,26.2,312,27.1,17,45.7,324,44.6,9,8,193,9.2,195
Saint Louis,48.4,201,46.8,68,38.6,109,34.2,123,30.1,258,29.5,49,20.2,148,18.6,289,34.1,160,28.6,3,47.2,199,48.3,179,69.6,147,72.5,323,31.2,222,27.5,19,54.8,143,42.8,3,6.6,265,9.2,196
Nebraska,50.2,119,49.5,181,38.2,126,39.5,245,23,340,32.9,184,18,33,27.1,2,36.1,80,33.9,151,48,167,48.6,194,70.2,125,69.1,183,36.3,86,38,306,59.8,55,53.1,142,5.7,300,9.2,197
Western Illinois,48.8,176,52.8,312,30.2,314,42.8,292,29.3,273,33.7,222,21.5,219,19.9,203,40.2,10,38.7,334,44.3,290,50.5,269,71.1,97,72.5,322,28.6,278,29.7,64,58.2,77,56.4,240,5.3,317,9.2,198
Mississippi St.,50,130,44.7,18,41.1,48,29.5,27,31.2,228,35.8,283,19.9,132,19,270,35.9,92,33.7,134,47.4,192,42.1,15,70.4,118,65.4,23,39.7,40,30.5,91,50.2,252,43,5,16.6,4,9.3,199
Virginia Tech,49,169,48,119,40.9,52,33.2,97,35.3,84,31.6,122,19.5,101,18.5,295,33.7,183,33.8,144,48.4,149,46.6,103,72.4,62,72.9,331,31.8,207,35.2,249,53.7,182,53.9,169,12,38,9.3,200
Binghamton,49.4,155,46.6,62,40.8,53,41.6,278,31.7,204,35.5,277,19.7,111,21.6,114,33.5,190,32.9,93,49,127,45.4,69,68.2,189,70.3,247,32.9,173,32,137,49.3,273,56,230,11.1,64,9.3,201
Georgetown,53,41,45.9,42,41.9,39,33.3,101,33.4,142,36.3,300,22.2,254,21.8,104,33.2,206,32.1,51,54.8,7,44.7,45,71.5,85,70.8,274,36.4,85,32.4,150,57.3,90,54,172,10.5,76,9.3,202
San Diego,47.6,224,47.7,104,33.1,257,39,236,28.5,294,33.7,223,20.8,191,22.8,59,33.6,185,35,222,46.5,230,45.7,77,69.6,146,71.3,292,27.8,290,29.4,56,50.3,250,51.6,106,10.3,82,9.3,203
Charlotte,46.9,255,49.6,191,32.8,268,41.1,269,33.4,145,35.9,286,19.2,89,22.4,72,30.6,310,36.9,306,47.6,186,46.2,89,68.2,190,72,315,38.6,50,37.1,292,56.1,120,55,201,9.7,113,9.3,204
Northeastern,49.2,160,48.1,121,38.5,114,38.5,225,33.1,151,33.3,208,20.5,172,22.8,56,34,162,33.7,137,48.3,154,46.9,116,73.2,45,69.8,226,34.4,131,32.9,173,54.2,165,49.4,50,8.3,179,9.3,205
Western Carolina,49.6,149,54.5,333,32.4,277,52.1,340,36.7,55,34,228,21.1,207,23.8,24,35.1,117,39,337,47.9,173,52.2,318,63.3,313,67.3,81,35.2,105,35.6,262,46.1,319,57,258,8.1,191,9.3,206
UT Arlington,52.5,55,51.3,271,35.7,194,43.2,299,31.6,208,30.9,93,19.2,85,19.5,233,33.8,175,34.7,196,53.4,20,50.8,276,75.5,17,68.2,119,33.7,149,41,335,54,174,56.1,234,7.2,239,9.3,207
South Dakota St.,49.7,145,52.1,296,33.4,247,32.8,89,34,123,32.3,153,19.8,119,17.3,324,33.8,176,32.8,87,49.2,116,53.3,331,70.3,123,69.3,196,34.3,134,28.4,28,47.3,306,45.9,14,3.8,338,9.3,208
North Carolina,52.8,46,46.6,61,39.8,76,25.4,7,39.2,19,32.2,143,16.6,10,20.7,159,38.5,24,33.6,127,51,63,44.7,46,75.6,14,69.2,188,27.2,299,32.8,170,57,100,51.1,91,11.7,42,9.4,209
La Salle,48.9,173,48.4,132,39.8,78,32.8,87,36.7,51,30,63,20.8,187,18.7,285,33.5,193,35.6,253,48.3,156,46.3,95,68.5,184,68,114,28.4,282,29.9,73,51.7,229,55.2,206,9.1,138,9.4,210
Bethune Cookman,43.2,333,47.8,109,38.4,119,47.9,330,35.4,82,29,35,22.6,271,23.9,23,28,339,32,50,43.7,307,47.7,145,62.4,323,62.8,2,28.7,275,36.1,278,44.8,332,50.3,72,8.7,154,9.4,211
Penn,47.1,243,49.8,204,38.9,100,39.9,256,28.8,284,32,138,20.8,190,21.3,130,31.4,287,36.9,305,47.1,206,47.3,130,68.2,191,68.3,131,34.7,123,30.9,108,63.5,10,59.6,295,8.1,192,9.4,212
Tennessee Martin,50.3,111,50.2,220,31.1,298,36.8,187,36.7,54,36,290,18.3,47,22.3,78,32.4,245,34.8,209,51.4,54,49.3,224,73.6,38,66.1,34,37.1,72,33.2,184,50.3,251,54.4,186,7.2,237,9.4,213
Albany,45.5,300,49.2,171,34.4,218,43.5,302,38.6,24,25,1,23.1,288,18.8,282,29.4,330,32.1,52,46,249,49.8,243,71.9,75,66.8,56,25.8,316,37.2,295,51.3,236,56.2,236,6.3,278,9.4,214
Eastern Washington,47,247,51.6,281,30.4,310,43.6,303,30.1,260,28.8,32,19.5,98,19.1,259,32.8,233,34.9,217,46,251,51.2,291,68.6,183,72,314,30.9,229,32.6,158,49.9,261,57.2,260,6.3,280,9.4,215
Longwood,47.5,230,52.3,301,32.1,283,44.8,314,29.2,275,39.5,337,19.2,91,26.1,7,31.9,264,31.5,38,47.3,197,54.1,333,67.3,232,69.7,219,36.5,83,26.5,13,57.3,89,50.1,63,5.8,296,9.4,216
UC Irvine,49.4,151,52.1,297,31.9,286,37.9,211,27.3,316,31.7,126,18,32,18.4,298,40.7,5,36.5,286,43.9,300,50.9,282,76,10,73.7,340,31.9,201,33.1,183,55.2,134,52.6,133,5.1,319,9.4,217
Hofstra,44,325,44.9,26,38.1,127,45.7,320,39.4,17,31.8,128,22.3,260,19.9,205,31.6,276,34.1,163,42.5,326,42,13,69.5,150,67.6,94,30.6,231,31.9,135,50.1,257,52,116,14,13,9.5,218
Fairleigh Dickinson,45.6,294,53,319,42.4,32,31.9,69,32.2,185,39,334,24.4,322,20.7,165,28.1,338,37,311,46.9,213,52,310,63.6,311,69.7,224,27.1,302,28.4,29,49.6,269,58.1,276,10.3,84,9.5,219
Presbyterian,48.1,208,49.2,169,36,188,32.4,79,29.5,267,31.7,125,25.5,336,20.8,158,31.4,288,33,103,48.7,137,49.1,217,67.3,229,63.3,5,36.6,78,30.7,101,50.2,253,49.9,58,8,194,9.5,220
Charleston Southern,47.8,216,52,293,26.7,340,33.5,105,32.4,178,29.2,41,19.8,115,16.2,338,32.1,260,35.2,237,47.7,182,51.6,302,62.5,322,68.7,158,34.8,120,36.4,282,49.4,272,56,229,8,197,9.5,221
Indiana St.,48.5,189,49.9,209,35.1,204,42.3,287,29.1,278,34.5,244,21.9,238,19.4,246,35.3,113,35.8,264,45.1,276,48.1,168,73,50,69.5,206,42.8,18,32.8,164,56.6,109,52.4,127,7.8,203,9.5,222
SIU Edwardsville,45,309,51.3,274,29.9,321,41.4,277,19.7,343,36,292,23.5,302,19.5,236,32.5,241,36.8,300,43.1,316,50.1,257,69.9,139,64.2,9,33.2,159,24.4,1,47.3,305,56,232,7,254,9.5,223
Valparaiso,47.5,228,50.9,252,36.1,185,50.3,338,31.5,219,34.1,233,23.6,306,22.3,83,32.9,225,36.4,284,46.3,241,48.5,190,61.4,335,68.8,165,39.6,43,39.4,320,59.1,64,62.9,338,5.8,298,9.5,224
Florida A&M,44.9,313,51.1,261,32.7,272,39.1,239,26.1,329,38.4,331,20.3,159,22.5,65,32.1,255,34.7,200,42.9,319,50.7,275,62.2,326,66.6,51,37.9,60,30.9,107,49.8,264,46,15,5.5,310,9.5,225
The Citadel,50.7,101,48.3,126,34.1,227,36.1,168,31.1,233,29.5,48,20,134,18.6,288,34,164,32.7,81,50.6,74,48,155,71.7,80,72.4,319,35.3,103,33.3,187,48.4,290,48.5,35,4.5,330,9.5,226
Rutgers,46.3,279,46,44,32.2,279,32.8,91,34.5,104,32.9,180,23.2,295,17.8,320,29.6,326,31.4,35,47.2,201,45.6,72,71.9,73,69.2,190,32.3,185,26.2,10,49,278,50.3,71,13.8,16,9.6,227
High Point,46.1,286,49.5,185,27.4,336,35.2,148,35.9,70,33.9,226,24.3,319,20.4,180,30.1,315,33.8,150,46.5,229,48.7,202,62.9,318,65.5,24,32.9,169,41.3,340,50.4,249,62.9,339,13.1,22,9.6,228
Syracuse,54.4,16,46.7,64,39.3,92,26.2,10,35.9,67,35.3,271,20.8,193,19.2,255,34.9,127,29.6,8,55.4,5,48.1,164,64.6,298,63.6,7,32.6,176,37.9,304,61.7,32,60.8,314,12.3,35,9.6,229
Seton Hall,48.8,180,47.7,103,33.4,245,44.3,308,31.6,209,40.3,341,17.3,19,21.1,135,32.9,226,31.9,49,48.6,142,47.7,144,71.5,87,66.6,48,31.6,208,30.1,80,48.5,286,57.7,273,8.3,182,9.6,230
Cincinnati,48.4,202,47.2,84,30.3,311,35.3,149,39.4,16,34.7,248,20.8,192,19.1,261,33,223,32.2,55,47.7,179,46.8,111,65.8,266,69.8,229,37.9,61,31.9,133,58.9,66,54.9,195,8.2,186,9.6,231
Stephen F. Austin,47.4,234,42.8,3,29,327,38.3,220,26.4,324,28.3,25,17.8,28,21.9,95,31,301,27.9,2,47.8,174,43.1,25,66.2,254,71.2,289,31.5,211,27.8,22,52.2,221,44.4,7,8.1,189,9.6,232
Monmouth,47,248,51.3,273,33.3,251,36.7,182,30.4,252,34.3,239,22.7,280,19.6,230,33.5,191,35.5,248,45.1,275,50.2,262,70,133,70.2,242,35.6,96,35.9,272,64.5,9,60.8,313,7.7,212,9.6,233
Southern Illinois,47.9,213,49.1,163,38.4,120,49.6,335,30.8,241,33.2,204,22.9,285,21.9,101,37.8,38,35.1,227,43.8,304,47.4,136,73,48,72.7,326,32.1,193,33.6,200,59.2,61,53.4,150,7.3,230,9.6,234
South Florida,44.7,317,47.2,85,34.9,207,37.7,207,34.4,105,35.2,270,20,140,18,316,29.7,324,32.2,57,44.7,278,46.8,113,59.8,341,64.5,14,31.8,202,30.6,98,58.1,80,50.4,74,7.2,234,9.6,235
Kentucky,53.4,32,44.9,25,40.1,67,33.3,102,35,94,31.8,129,24,314,20.4,179,35.3,111,35.2,235,53.6,17,40.8,4,77.3,7,69,173,29.6,256,34.4,225,60.7,43,45.3,10,17.2,2,9.7,236
Hampton,41.9,342,44.7,22,37.6,141,35.4,151,36.1,61,36.2,295,25.4,335,26.3,5,26.4,343,30.9,27,43.2,313,43.8,32,66,259,65.8,28,35.4,98,35.7,265,54.3,161,51.7,109,11.3,53,9.7,237
Harvard,52.4,59,51.2,263,42.3,35,32.9,92,26.8,322,34.7,255,21.7,232,21.3,132,36.2,75,36.2,271,51.4,55,50,248,72.4,65,66.9,61,34.1,139,28.9,41,53.7,181,56.6,246,9,144,9.7,238
Alabama A&M,42.8,336,49.6,195,39.5,87,42,284,31.2,232,38.4,330,22.4,265,25.3,10,26.8,341,33.2,110,43.9,299,49.5,235,65.8,269,65,17,29.3,264,26,8,47.9,297,53.3,149,8.2,185,9.7,239
Winston Salem St.,42.4,338,51.2,269,34.3,222,43.4,300,31.3,227,35.3,272,25.3,333,24.4,16,28.2,335,33.9,157,42.5,325,51.3,296,56.4,344,62.8,3,29.6,255,30.6,99,44.9,330,56.1,235,7.5,223,9.7,240
North Florida,44.2,323,50.3,227,32.8,269,47,326,28.3,300,36.3,301,23.4,301,20.3,185,33.1,215,37.4,319,42.2,330,47.2,128,58.6,343,69.1,187,26,314,34.1,218,51.6,231,56.6,247,7,255,9.7,241
Liberty,52.1,63,50.7,245,36.2,183,26.1,9,29.9,263,35,266,19.1,79,20.8,153,35,122,34.4,177,51.8,46,50,247,71.2,93,67.7,96,45.6,10,39.8,323,59.1,65,60.6,309,3.8,339,9.7,242
Dayton,47,252,45.6,37,38.2,123,36.9,188,37.6,32,30.1,68,20.5,167,22.2,86,32.8,230,31.2,32,46,248,44.8,51,64.7,294,69.7,222,29.4,260,37.8,300,58.4,74,56,227,10.8,71,9.8,243
Fairfield,47.8,219,48.7,145,36,187,33.2,98,33,155,34.3,238,20.3,158,19.6,228,33.3,202,31.9,48,46.7,220,49.1,219,65.7,272,68.2,126,34.2,137,32.5,151,57.8,84,56.3,238,9.8,107,9.8,244
Tulane,46.4,268,49.3,174,36.9,162,41.9,283,31.6,207,32.8,173,20.6,176,22.8,57,33,219,34.2,167,45.3,269,48.4,185,67.9,199,71.6,299,26.6,308,29,47,57.1,96,56.7,252,8.8,151,9.8,245
Maine,47.5,227,50,212,39.8,79,31.6,62,31.3,221,37.1,316,22.5,268,19.2,256,33.2,210,31.4,34,46.4,234,51.6,303,67.3,230,66.2,38,34.2,136,36.5,284,56.2,116,61.6,324,8.4,177,9.8,246
Cal St. Bakersfield,45.1,307,52.1,299,36,189,37.3,196,34,124,37.7,326,19.6,107,21.1,139,32.3,250,38.7,335,43.2,315,49.5,237,68,196,73.1,335,35.4,101,31.1,114,47.8,300,57.1,259,6.1,288,9.8,247
Penn St.,51.2,83,49.2,166,33.9,232,23.1,2,32.7,165,28.1,22,17.3,16,18.3,303,36.1,84,32.7,78,49.4,112,49.3,226,65.8,268,71.8,309,38.3,56,38,305,54.6,151,57.5,267,5,322,9.8,248
North Carolina A&T,47.5,229,48.1,122,31,301,33.8,117,34.2,116,36.6,307,25.7,338,23.7,28,33.9,166,29.9,10,45.7,261,50.1,256,62.6,320,64.3,11,34.9,116,38.7,313,49.1,277,51.7,112,12.9,23,9.9,249
Alabama,47.8,217,46.7,66,38.4,117,31.7,65,38.1,27,36,289,20.8,194,19.8,208,33,222,31.1,30,47.2,200,46.7,107,70.5,112,67.9,107,24.6,325,35,244,43,337,53.6,159,11.6,45,9.9,250
Army,46.7,264,48.4,135,29.2,326,38.4,224,24.8,335,34,229,23.4,300,27,3,33.7,177,33.8,143,45.2,274,46.9,117,69,169,67.5,89,27.9,288,39.8,325,61.5,34,59,291,8.4,176,9.9,251
Lafayette,47.4,232,52.7,310,34.2,225,37.4,197,29.5,270,34.2,237,24.1,316,22.3,84,31.5,279,35.4,247,47.5,189,52.4,322,74.9,22,67.9,104,45.3,11,31.9,132,60.5,47,50.6,81,6.3,274,9.9,252
Notre Dame,50,125,47.8,108,27,338,27.2,14,31.5,211,30.8,88,13.9,1,14.7,343,39.2,20,33.1,104,45.2,272,47,121,71,99,66.9,62,34.7,122,30.1,79,60.3,51,51.3,95,6.1,287,9.9,253
Detroit,45,312,50.2,224,39.3,93,45.6,319,32.8,164,32.9,181,26.4,341,21.8,106,28.1,337,37,310,45.9,258,47.6,142,64.8,292,68.7,156,23.9,329,34,214,50.7,244,53.5,155,8.9,146,10,254
Providence,50.6,103,50.5,235,39.5,88,29.1,23,36.9,47,36.1,293,19.8,121,20.2,189,32.1,257,34.2,168,51.9,43,50.1,255,67.9,202,69.6,215,35.2,107,33.3,188,54.1,170,55.9,224,8.6,168,10,255
San Diego St.,49.9,132,46.9,73,33.4,243,33.1,95,36.7,52,33.2,201,20.2,149,23.1,48,34.5,136,31.6,39,49.1,119,46.6,102,70.6,108,70.5,257,31.4,216,34.4,224,54.2,166,53.9,167,7.5,222,10,256
East Carolina,51.5,75,51,255,36.5,176,34.5,134,30.7,242,35.1,268,18.1,39,14.5,344,38.2,32,34.1,161,47.4,193,50.9,281,73.8,36,72.3,317,41.7,21,31.5,118,58.1,81,61.4,323,7.2,242,10,257
Drake,49.2,164,49.2,168,40.5,61,28.2,17,28.6,289,30,66,20.1,143,20.5,170,34.5,138,34.5,179,47.1,204,47.4,135,75.3,19,67.1,72,45.9,9,40.5,331,54.4,159,61.3,322,7.1,249,10,258
Colorado St.,48.5,193,55.3,339,38.6,112,38.8,232,31.6,206,31.2,108,19.9,125,20.1,192,35.4,105,37.2,312,46.3,242,55,338,72,72,69.3,195,31.6,209,34.5,228,46.2,318,51.8,113,6.8,256,10,259
Houston Baptist,46.9,256,55,336,32.4,278,39.7,251,28.4,296,36.9,312,21.7,233,19.5,235,32.3,252,36.2,274,45.9,256,55.3,339,65.8,271,73.5,339,40.7,33,34.9,239,48.7,283,58.1,277,6.8,261,10,260
Bucknell,44.4,322,46.5,60,29.9,319,40.3,261,27.4,314,29.8,57,20,135,16.4,336,34.3,152,31.2,31,40.6,340,46.3,97,67.8,204,69.5,208,35,115,31.7,126,49.8,265,54.4,187,6.2,284,10,261
Columbia,45.1,306,46.2,48,34.9,206,40,259,30.9,238,31.4,117,21.6,223,23.2,45,31.7,270,30.6,24,44,295,46.5,101,66.9,240,72.3,318,29.2,268,35.1,247,53.8,179,55.3,209,5.8,297,10,262
Northern Colorado,52.4,58,53.8,328,44.7,17,36.1,164,30.5,248,28.9,34,22.9,283,20.5,173,40.3,7,39.5,340,48.2,160,50.8,278,72.4,66,70.2,241,34,144,35.1,246,52.4,219,50.8,86,4.6,328,10,263
Northwestern St.,43.3,332,52.5,304,37.8,139,46.4,324,37.4,35,35,263,24.9,327,21.8,105,28,340,37.5,323,43.8,305,50.7,274,65.8,270,67.4,86,29.4,259,33.8,204,52.7,208,60.3,307,12.5,31,10.1,264
South Carolina,50.3,114,48,118,33.7,238,36.7,181,34.1,119,36.7,308,18.2,44,26.1,6,37.1,53,33.2,107,48,166,47.4,134,63.9,304,71.4,295,29.2,267,26.8,15,38.3,344,50.1,65,11.7,41,10.1,265
St. John's,46.2,282,50.2,223,37.2,157,35.5,154,38.1,28,32.4,155,22,241,21,146,29.9,317,36.9,307,46.7,223,48,162,64.9,290,66,32,24.4,327,30.2,85,49.8,263,55.4,211,9.5,122,10.1,266
Duke,50.5,104,47.8,107,41.4,44,31,54,37.4,33,33.2,200,17.6,24,23.5,33,34.9,124,33.8,142,49.6,103,46.7,105,72.8,53,68.9,167,35,114,25.9,7,50.7,242,42.9,4,9.4,123,10.1,267
Illinois St.,52.1,64,46.9,71,34.2,223,31,56,33.2,149,26.8,7,19.2,82,19.6,225,38,36,30.4,17,48.6,141,47.6,141,69.2,161,70.6,260,41.4,24,36.2,279,54.7,148,50.1,64,8,195,10.1,268
FIU,47.4,231,50.5,237,38.9,101,36.1,166,32.2,188,32.5,164,22.6,274,19.1,265,35.7,97,35.4,243,44.5,288,49.2,223,63.9,306,69.7,223,32.5,182,33.7,202,54.7,147,51.1,92,7.6,217,10.1,269
American,53.7,25,45.2,30,31.8,287,35.9,161,31.5,216,29.6,52,21.2,210,20.8,155,37.4,49,33,97,52.2,37,43,23,64.8,291,72.7,327,38.1,57,33.4,189,56.1,119,52,115,7.3,229,10.2,270
San Jose St.,47.9,214,51,257,36.8,164,30.9,50,36.4,57,33.1,195,21.8,237,19.4,245,29.7,323,35.7,260,48.9,130,49.8,242,67.6,214,68.4,139,23.8,332,31.8,131,49.8,266,55.8,223,7.3,231,10.2,271
Belmont,52.9,42,49.8,200,33.9,233,36.4,176,32.4,180,33.1,198,20.3,156,22.3,81,35.4,103,32.7,79,52.7,28,50.2,258,68.4,186,66.4,43,48.4,3,34.7,233,63.2,14,55,199,6.8,259,10.2,272
North Texas,48.9,171,50.6,240,48.6,2,43.9,306,34.4,108,30.5,77,18,30,17.6,321,35.5,102,34.9,215,46.8,217,49.9,245,73.6,39,67.9,105,32.2,187,26.3,11,48.5,284,50.6,83,6.5,269,10.2,273
Maryland Eastern Shore,42.1,339,50.6,243,44,21,39.9,252,39.1,21,37.3,319,25.2,331,20.5,175,31,303,35.1,232,40,342,49.6,238,61.8,330,69.5,210,31,227,33.4,192,49.3,274,50.3,70,4.4,331,10.2,274
Weber St.,55.1,9,48.4,130,40.7,57,37,191,23.6,338,27.2,10,21.6,221,20.1,193,38.2,29,33.3,111,53.6,16,47.6,140,73,49,71,280,40.7,32,34.9,238,51.1,237,49.3,47,10.4,79,10.3,275
Idaho,51.5,76,49.5,180,40,69,36.3,171,28.8,283,35.6,280,19.5,104,21.1,138,36,85,34.7,193,50.4,78,48.1,165,65.4,280,71.1,285,31.9,200,35.3,253,58.5,72,54.9,196,9.9,100,10.3,276
Eastern Kentucky,56.2,3,53,318,28.4,331,31.4,60,31.5,213,40.6,342,18.2,45,22.8,54,40.6,6,35.8,262,52.1,40,52.5,324,70,134,68.7,152,46.7,8,38.7,312,62.4,22,68.1,344,5.5,313,10.3,277
Morehead St.,47.8,215,48.4,134,42.7,30,38.9,233,39.5,14,29.5,44,23.2,294,18.6,292,32.6,237,35.4,245,47.4,195,45.8,79,72.5,60,67.9,106,28.4,281,35.9,274,52.7,210,55.8,221,11.1,63,10.4,278
UNC Asheville,50.3,116,52.6,306,36.6,172,34.8,137,31.3,224,37.3,321,22.5,269,19.8,210,36.6,67,36.8,298,47.8,178,51.3,295,69.4,155,67.4,84,34.4,130,32.7,163,62.3,23,58.6,283,9.6,119,10.4,279
Iona,47,249,47.9,114,47.5,3,41.4,274,32.1,197,30.7,83,23.7,308,23.8,26,33.2,205,32.6,77,45.5,265,47.3,132,65.8,267,70.4,251,34,145,36.8,290,59.3,59,53,139,9.2,132,10.4,280
Cleveland St.,46.9,257,46.4,53,36.6,170,37.7,206,33.5,139,33.8,224,18.9,67,24.4,13,30.4,312,32.8,91,47.4,191,45.2,65,70.5,111,69,179,28.5,279,30.2,84,56.7,106,53.8,162,8.9,147,10.4,281
Central Michigan,47.3,235,50,213,37.8,138,57.4,343,34.6,103,33.5,212,22.3,262,23.8,25,33.6,184,35.8,265,45.8,260,48.5,191,63.1,315,69.4,205,32.9,172,28.5,30,45,329,50.5,80,7.6,216,10.4,282
Missouri St.,46.2,280,49.8,205,38,129,43.1,296,32,200,30.9,92,20.8,189,21.1,140,31.8,267,34.5,184,45.3,270,49,215,67.9,200,69.8,228,38,59,31.1,113,54.9,138,52.1,118,6.5,270,10.4,283
St. Francis PA,48.4,198,53.4,323,34.7,210,38.5,226,31.3,225,33,187,24.7,325,19.8,211,32.5,240,36.7,296,48.2,159,52.5,326,73.2,46,68.5,140,35.4,100,35.4,254,63.3,13,58.8,288,5.7,304,10.4,284
Evansville,47.7,223,50.2,222,45.3,14,35.6,156,30,262,30,64,19.5,99,22.3,79,32.3,247,34.7,199,47.5,188,49.1,218,69.3,158,68,113,18.8,344,35.5,260,62.9,16,56.1,233,3.5,340,10.4,285
Vanderbilt,50.9,94,45.8,39,43.8,22,31.7,64,33.7,136,29.5,45,22.1,245,18.5,296,33.9,171,35.7,258,50.9,66,42,12,71.6,81,69.6,213,34.2,138,33.4,190,52.6,213,50.4,76,11.5,49,10.5,286
Boise St.,52.4,57,49.6,188,29.5,323,36.1,169,29.5,268,32.5,165,21.2,212,18.6,290,34.3,150,34.5,181,52.8,26,48.7,197,69.3,157,67,69,31.9,197,28.6,31,58.6,69,45.5,12,8.3,178,10.5,287
Wyoming,51.7,68,49.6,189,54.4,1,31.5,61,26.2,326,28.6,28,20.4,160,15.3,342,35.4,108,32.6,74,51,62,50,249,73,51,71.7,302,34.1,140,35.2,248,52.1,224,50.3,69,8.6,163,10.6,288
Chattanooga,50.4,108,52.7,309,46.3,8,31,53,33,153,31.8,130,21.5,218,19.3,250,34.5,140,36.3,278,49.5,108,51.3,294,65.3,281,65,18,41.2,27,45.5,344,53.6,187,61.6,326,6.6,267,10.6,289
TCU,48,209,51.7,284,38.6,111,37.7,204,28.3,299,27.5,12,21.1,201,21.8,103,32.1,256,33.9,155,47.9,171,52.2,317,73.4,42,71.3,291,35.3,102,34.3,220,56.8,105,54.3,180,3.4,341,10.6,290
Southern Utah,50.8,99,53.7,326,39.4,91,38.9,234,31.3,226,28.7,29,23.1,289,20.7,163,37.9,37,33,96,48.8,135,55.7,340,79.9,1,71.3,290,25,322,31.8,130,60.7,41,49.5,51,2.6,344,10.6,291
Miami FL,49.3,158,46.2,46,38.2,124,31,55,38.6,23,32,136,19.7,108,18.9,275,36.6,68,32.3,58,46,250,44.8,52,67.9,198,72.8,329,37.1,73,37.9,302,50.7,245,57.7,272,10.6,75,10.7,292
Niagara,47.6,225,45.6,36,41.2,47,32.8,86,39,22,39.4,336,18.6,60,23.4,38,30.9,307,32.4,66,48.3,153,44.4,40,71,98,64.3,10,39.3,45,29.8,66,55.3,131,50,61,11.2,55,10.8,293
Texas A&M Corpus Chris,46.8,260,48.3,129,41.7,43,38.6,227,37,43,32.4,156,24.7,324,22,94,31.1,298,31,28,46.8,216,49.2,221,67.1,236,69.1,184,32.1,191,31.7,127,53.8,178,53.8,164,10,93,10.8,294
Northern Illinois,47.7,220,50.4,231,40.2,64,43.2,297,34.4,107,33.5,213,23.3,298,22.5,68,34.4,144,37.2,313,45.9,259,47.9,150,58.8,342,70.7,272,31.8,206,32.3,147,52.6,212,52.1,120,8.6,165,10.8,295
Milwaukee,46.2,284,46.8,69,34.5,215,33.7,109,33,156,30.9,91,19,71,17,328,34.2,157,34.6,191,42.6,324,44.7,48,71.4,88,68.4,135,41.3,25,29.6,60,52.1,223,50.5,79,7.5,221,10.8,296
UMKC,45.8,290,52.7,311,34.9,208,46.1,322,31.7,205,32.2,148,19.4,95,19.1,258,30.6,311,33.1,106,45.7,263,54.1,334,70.5,117,72,313,32.9,175,30.3,87,48.5,287,57.4,265,5,321,10.8,297
Colorado,51.3,81,52.6,305,39.6,83,37.9,210,22.3,341,34.5,245,22,242,22.2,87,34.9,125,36.7,295,50.7,71,51.4,297,72.7,56,66.3,40,33.7,148,32,136,53.4,190,55,202,4.7,327,10.8,298
Georgia,46.7,262,48.2,124,30.2,312,28.3,19,34.1,117,33.1,196,24.6,323,20.9,151,34.2,155,33,98,44.6,283,47.5,139,63.8,309,68.7,157,32.4,183,32.5,152,54.9,140,54.8,192,9.3,131,10.9,299
Campbell,47.6,226,50.4,232,39.9,73,40.5,265,35.1,91,32.5,160,22.8,281,22.5,67,34.5,137,34,158,45.9,254,50.2,261,70.5,114,66,31,29.8,250,37.2,294,63.2,15,61.9,330,7.2,243,10.9,300
Nicholls St.,53.7,26,51.3,270,40.2,65,46.2,323,27.3,318,31.1,106,22.7,277,26,8,35.7,95,33.2,108,53.8,12,52.1,313,68.1,194,68.6,149,41.2,28,34,213,66.6,5,52.9,137,4.2,336,10.9,301
Brown,48.4,197,51.5,279,37.9,134,25,5,25.9,332,27.5,13,22.2,250,16.1,340,31.7,274,38.8,336,48.9,132,48.2,173,65.9,263,66.9,64,36.6,79,33,176,62.3,25,55,200,7.9,200,11,302
Michigan,50.2,121,49,158,28.4,330,29.8,34,28.7,286,33.2,206,18,34,21.3,127,33.4,194,31.4,33,50.3,81,50,251,75.7,13,72.5,320,47.8,6,33.6,198,67.1,4,59.9,297,7.3,232,11,303
Iowa,53,40,49.8,199,33.8,236,32,71,28.2,302,31,100,21.6,222,19.1,263,36.4,72,35.3,240,51.6,47,48,154,74.4,26,68.6,144,48.3,4,35.9,270,57.7,85,56.3,239,6.8,260,11.1,304
UNC Wilmington,48.3,203,57.3,344,29.4,325,32,72,26.2,327,33,191,19.2,87,19.5,234,33.4,195,36.5,288,47.1,205,58.7,344,68.2,192,69.9,234,41.4,23,35.5,257,55.1,136,57.6,269,2.9,343,11.1,305
Canisius,45.3,303,44.3,13,33.9,230,40.7,267,34,127,34.5,243,23.7,309,19.1,267,28.7,332,30.5,22,46.4,233,43.6,31,61.6,331,68.3,133,31.1,225,29.8,68,52.5,216,51.5,101,11.1,62,11.2,306
Virginia,46.3,274,49.1,164,32.2,281,34.9,140,35.1,90,32.6,167,20.7,182,19.7,219,31.6,277,33.4,120,45.9,253,48.6,195,74.2,29,70.4,248,29.4,261,31.7,129,49.6,270,55.4,212,9.9,101,11.2,307
Oregon,46.9,258,55.1,337,37.9,136,43.5,301,32.7,169,36.4,302,21.4,217,21.4,124,35.8,93,39.1,339,42.7,321,53.6,332,67.3,231,70.8,276,37.8,65,28.7,34,53,198,53.5,154,8,196,11.2,308
Denver,57,1,49.4,176,36.1,184,49.3,334,18.8,344,33,193,22.1,247,22.2,88,37.7,39,31.9,45,57.5,1,50,246,73.8,34,71.4,293,48.2,5,28.7,32,65.7,7,51.6,102,6.3,276,11.2,309
Butler,51.7,69,44.6,15,43.5,24,34,120,32.5,177,29.6,51,20.1,142,20.6,168,35.2,116,32.6,75,50.6,73,42.3,16,72.2,68,71.1,283,45.2,13,35,242,58.5,71,52.5,132,9.4,124,11.3,310
NJIT,38.5,344,49.1,165,30.6,307,45,317,29.3,274,33,189,27.4,344,21.6,118,24.8,344,37.7,327,39.3,343,45.2,68,63.1,314,67.9,111,35,112,34.3,221,50.2,254,66.8,343,8.7,162,11.3,311
Appalachian St.,51.3,79,51.4,276,41.1,50,40.4,263,37.4,34,28.4,26,24.4,320,17,329,36.9,63,35.6,252,49.1,123,50.5,268,70.5,115,71.1,284,35.6,97,32.7,162,49.8,267,48.9,42,8.4,173,11.3,312
Loyola MD,44.1,324,48.4,137,36.5,174,49.7,337,35.7,73,36.6,306,19.8,122,19.9,198,31.5,282,32.8,90,42.6,322,48.1,171,77.6,6,70.8,273,32.2,189,26.5,14,51.3,234,50,62,8.4,174,11.3,313
Mississippi Valley St.,43.6,329,54.7,335,32.2,282,52.2,341,33,161,33.8,225,22.5,267,22.9,53,32.4,244,35.2,236,41.1,338,55.7,341,67.7,213,67.3,79,32.9,171,33.8,203,50.7,243,53.7,160,4.7,326,11.3,314
Stetson,44.7,316,50.1,218,29.9,320,39.3,241,33.3,148,33.1,197,20.5,171,21.3,128,31.3,290,34,159,43.2,314,49.7,240,63.9,308,66,33,41.1,30,29.1,50,43,336,53.6,158,8.6,166,11.4,315
LIU Brooklyn,46.4,271,49,159,42.5,31,32.4,77,35.5,75,29.6,50,19.1,75,19.4,241,33.9,168,33.7,138,44.2,293,48.2,176,71.8,77,63.5,6,32.9,168,33,178,48.4,289,56,231,5.3,316,11.4,316
Boston University,50.5,105,48.3,127,35.1,203,32.1,74,32.8,162,34.7,252,20.6,178,20.5,171,36.1,82,32.5,68,47.6,184,48.1,167,68.3,188,66.2,37,45,14,34.6,230,54.4,155,56,228,8.8,150,11.5,317
Gardner Webb,49.1,166,51.2,265,31.5,292,38.4,223,34.1,120,33,186,20.4,164,19.4,243,34.8,129,33.5,123,47.2,202,51.7,307,68.1,193,68.9,169,37.8,64,35.6,261,60.8,40,54,171,4.8,325,11.5,318
Drexel,41.9,341,43.6,6,38.8,104,38.3,219,39.5,13,32,135,19.8,117,18.1,313,29.8,321,33.3,115,40.7,339,41.5,7,67.9,197,67.5,90,29.7,253,25.1,2,54.5,152,49.7,56,9.8,104,11.6,319
Manhattan,44.6,320,48.6,142,44.5,18,39.7,250,34.6,102,28.8,31,20.7,179,21.3,129,31.5,280,34.3,173,43.5,310,47.1,126,64.7,295,65.6,26,29.9,246,33.9,211,45.6,327,55.2,208,10.5,77,11.7,320
Massachusetts,50.5,106,50,211,28.8,328,29.5,30,28.7,285,34.4,241,20,139,18.9,276,36,88,35.2,234,48,169,48.8,207,69.4,154,68.6,146,40.8,31,29.7,62,55.9,122,59,292,12.7,26,11.8,321
VMI,52.3,61,55.6,340,32.9,266,30.6,48,27.2,319,42.1,344,16.2,5,27.2,1,34.8,128,34.8,208,52.3,33,56.9,342,74.1,30,66.3,39,54.4,1,27.7,20,56.3,113,56.5,243,6,292,11.8,322
Princeton,50,128,44.7,17,30,315,42.9,295,26.3,325,30.7,84,22.3,258,19.9,204,37.4,50,29.1,4,46.2,243,45.1,62,75.1,20,69.6,211,38.5,52,28.1,25,55.1,135,46.6,18,8.4,172,11.9,323
Savannah St.,43.5,330,49.6,194,34.3,221,44.8,313,31.5,218,32.2,149,26.2,339,25.6,9,31.9,265,32.7,83,42,331,49.8,244,69,172,71.4,294,25.4,319,29.1,53,53,199,50.9,88,6.1,285,11.9,324
Saint Peter's,44.4,321,47.4,94,38.4,118,43.8,305,35.4,80,37.6,324,23.6,307,24.4,15,34.3,147,33.1,105,41.7,333,46.1,86,66.3,252,68.2,125,27.5,294,34.4,226,48.1,292,54.3,182,12.3,34,12,325
Boston College,49.7,142,47.4,92,36.6,171,34.8,136,40.6,7,37.1,314,19.7,112,18.4,301,33.4,197,32.8,88,49.4,113,46.7,106,73.8,33,69.4,201,32.5,181,29.8,67,56.8,103,48.9,40,10.4,78,12,326
Duquesne,54.5,15,52.1,295,37.4,151,33.8,114,32.1,193,35.9,287,19.2,90,22.2,85,35.9,91,34.8,207,55,6,52.1,312,69.6,149,69.9,233,41.5,22,34,212,60.3,52,59.5,293,8.8,152,12,327
Jacksonville St.,48,210,52.1,298,40.6,60,37.7,203,35.5,79,32.2,145,20.3,154,19.7,216,37.6,42,36.5,287,44.6,285,51,286,65.7,274,73.1,336,28.5,280,28.7,37,61.2,35,51.2,93,5.6,307,12,328
William & Mary,47.2,238,48.7,146,31.5,290,31.7,67,31.5,214,31.2,109,22.3,259,19.8,209,31,304,33.5,126,47.8,175,47.8,147,65.6,276,71,282,41.2,29,36.1,275,61.8,30,54.5,188,6.8,257,12.1,329
UTSA,48.2,204,52.6,307,39.1,97,30.2,39,30.2,254,32.7,172,19,73,23.5,35,34.2,153,32.4,63,46.1,246,54.3,335,71.3,92,67.3,77,40.1,35,30.3,86,46,321,53,141,5.1,320,12.1,330
Xavier,52.2,62,43.7,7,45.3,12,33.2,96,36.9,48,27.8,17,21.7,229,18.4,302,39.4,17,32.4,61,48.8,134,41.6,8,67.5,219,66.1,35,33,165,30.8,106,54.2,162,54.5,189,12.4,33,12.2,331
Centenary,47,251,51.1,260,31.9,285,49.6,336,26,331,37.2,317,20.1,147,23.3,41,34.5,135,35.7,256,44,297,50,253,67.9,201,69.5,207,39.1,48,29.1,51,53.6,183,56.5,244,7.2,240,12.4,332
Arkansas,49.3,159,51.3,272,37.3,155,31.7,66,33.9,129,31.1,105,19.2,86,20.9,148,33.2,208,36.9,304,49.1,125,48.8,204,65.1,284,66.4,44,33.4,157,36.9,291,48.9,282,60.2,305,7.6,219,12.5,333
Louisiana Monroe,44.8,314,51.6,282,40.2,66,39.4,242,33.2,150,33.7,220,22.6,275,19.3,251,33.2,209,37.8,328,42.5,327,49.7,241,71.8,78,70.4,250,32.2,188,27.7,21,45.9,323,54,174,7,252,12.5,334
Hartford,47,246,52.6,308,28.2,333,45.2,318,24.1,337,33,192,21.1,205,21.7,110,31,302,36.6,293,47.4,196,51,284,70.9,102,69,178,47.4,7,41.2,338,61.2,36,59.9,298,5.4,314,12.6,335
Samford,55,10,50.8,248,35.4,199,30.4,44,21.6,342,37.2,318,21.6,227,22.6,63,35.3,109,33.7,135,57,3,50.9,280,68.7,180,67.9,109,50,2,37.7,299,64.6,8,48.3,32,3.3,342,12.6,336
Marist,47.1,239,46.1,45,33.9,231,42,285,26.1,330,31.1,107,22.2,251,18.2,308,36,90,32.3,59,43,317,45.2,67,63.3,312,68.9,172,36.6,81,28.7,35,48,294,47.7,25,6.5,268,12.7,337
Loyola Marymount,39.9,343,54.3,331,34.2,226,34.2,124,31.3,223,37.6,325,22.2,256,21.6,116,28.4,334,39.5,341,38.6,344,51.1,288,68.5,185,68.6,148,31.9,198,39.2,319,52.4,220,62.3,334,5.2,318,12.9,338
Northwestern,52.6,51,49.6,187,29.4,324,36.5,179,27.8,308,35.8,284,18.5,54,24.6,12,38.6,23,34.2,164,48.7,139,48.5,188,69,170,70.8,275,42.2,20,39.7,321,67.7,3,63.1,340,9.8,109,13.3,339
Air Force,50.9,96,49.8,202,42.3,34,41.4,275,24.4,336,30.3,72,22.7,276,19.4,247,37.1,55,34.6,189,47.8,177,48.1,166,67.4,227,73.7,341,39.9,39,44.3,343,62.1,28,62.4,335,8.2,188,13.3,340
Central Arkansas,42.9,335,51.2,268,43.8,23,38.3,218,30.2,256,35.7,282,21.1,209,18.2,306,31.3,292,34.5,185,41.1,337,51,287,66.5,250,67.3,80,31.1,224,33.4,191,48.1,291,50.4,77,7.6,215,13.8,341
Sacramento St.,45.4,302,55.6,341,35.4,200,35.7,160,26.4,323,34.8,257,22.8,282,18.5,297,36.1,83,38.6,332,41.7,334,54.4,336,69.2,164,69.7,217,29.6,257,35.6,264,51.9,226,60.9,315,4.6,329,13.8,342
Mercer,49,168,49.9,208,38.8,105,33.8,113,37,42,34.9,258,22,243,18.2,307,33.2,213,35.6,254,48.6,143,48,160,72.3,67,67,66,37.4,68,35.5,258,48,296,52.1,122,8.1,190,14,343
Indiana,47.9,211,54.6,334,37.4,153,36.5,178,32.6,173,32.6,169,27,342,21.4,125,33.3,201,38.1,329,46.9,215,53.2,329,65.5,279,68,115,32.5,178,33.9,210,55,137,58.4,281,6.1,289,14.6,344